,title,score,id,subreddit,url,num_comments,body,created,link_flair_text
0,TWICE - Talk that Talk,5635,wxyuqk,kpop,https://youtu.be/k6jqx9kZgPM,704,,1661486400.0,[MV]
1,Girls' Generation (SNSD) - FOREVER 1,5153,wgqgeb,kpop,https://www.youtube.com/watch?v=Qpf26PtBXgo,662,,1659690023.0,[MV]
2,TWICE - MOONLIGHT SUNRISE,4919,10gnyrj,kpop,https://youtube.com/watch?v=cKlEE_EYuNM,728,,1674190800.0,[MV]
3,BLACKPINK - Pink Venom,4584,ws3xfm,kpop,https://youtu.be/gQlMMD8auMs,3385,,1660881600.0,[MV]
4,Red Velvet - Feel My Rhythm,4330,tj7hqs,kpop,https://www.youtube.com/watch?v=R9At2ICm4LQ,755,,1647853631.0,[MV]
5,PSY - That That (prod. & ft. & starring SUGA of BTS),4013,uehp2e,kpop,https://www.youtube.com/watch?v=8dJyRm2jJ-U,442,,1651222800.0,[MV]
6,NAYEON - POP!,3938,vjfbr5,kpop,https://www.youtube.com/watch?v=f6YDKF0LVWw,411,,1656043200.0,[MV]
7,NewJeans - OMG,3924,10180nn,kpop,https://www.youtube.com/watch?v=_ZAgIHmHLdc,1037,,1672650009.0,[MV]
8,BIGBANG - 봄여름가을겨울 (Still Life),3715,tw444k,kpop,https://www.youtube.com/watch?v=eN5mG_yMDiM,618,,1649084400.0,[MV]
9,LE SSERAFIM - ANTIFRAGILE,3700,y5iwst,kpop,https://www.youtube.com/watch?v=pyf8cbqyfPs,682,,1665932400.0,[MV]
10,BLACKPINK - Shut Down,3631,xfgwrd,kpop,https://www.youtube.com/watch?v=POe9SOEKotk,1158,,1663300800.0,[MV]
11,IVE - After LIKE,3593,wuofhm,kpop,https://www.youtube.com/watch?v=F0B7HDiY-10,713,,1661158810.0,[MV]
12,Red Velvet Seulgi - 28 Reasons,3348,xv9z9x,kpop,https://www.youtube.com/watch?v=G_BYjnopO6U,320,,1664874015.0,[MV]
13,Girls' Generation (SNSD) Taeyeon - INVU,3127,ss66t8,kpop,https://www.youtube.com/watch?v=AbZH7XWDW_k,302,,1644829207.0,[MV]
14,LE SSERAFIM - FEARLESS,3109,ugld80,kpop,https://youtu.be/4vbDFu0PUew,1243,,1651482000.0,[MV]
15,NewJeans - Ditto (Side A),3058,zpmlhh,kpop,https://www.youtube.com/watch?v=pSUydWEqKwE,534,,1671440414.0,[MV]
16,aespa - Girls,3013,vu1k8t,kpop,http://youtu.be/dYRITmpFbJ4,726,,1657252808.0,[MV]
17,(G)I-DLE - Nxde,2949,y65yix,kpop,http://youtu.be/fCO7f0SmrDc,591,,1665997210.0,[MV]
18,Red Velvet - WILDSIDE,2904,tplo48,kpop,http://youtu.be/xGr53sCo62c,278,,1648393207.0,[MV]
19,Dreamcatcher - MAISON,2602,u1uk33,kpop,https://www.youtube.com/watch?v=z4t9LLq1Nk0,327,,1649754007.0,[MV]
20,STAYC - RUN2U,2586,sxp12v,kpop,https://www.youtube.com/watch?v=grG41kS4MUA,437,,1645434005.0,[MV]
21,IVE - LOVE DIVE,2574,twqkyv,kpop,http://youtu.be/Y8JFxS1HlDo,508,,1649149207.0,[MV]
22,Red Velvet - Birthday,2493,z6rmrs,kpop,https://www.youtube.com/watch?v=Ut1OzEVUiM4,340,,1669626022.0,[MV]
23,Dreamcatcher - VISION,2444,y141f9,kpop,http://youtu.be/jKrJBVLnRiM,235,,1665478810.0,[MV]
24,(G)I-DLE - TOMBOY,2396,tdt2ww,kpop,http://youtu.be/Jh4QFaPmdss,610,,1647248411.0,[MV]
25,LE SSERAFIM Huh Yunjin - I ≠ DOLL,2278,10758da,kpop,https://www.youtube.com/watch?v=9trNIRzbPMc,220,,1673240400.0,[MV]
26,ITZY - SNEAKERS,2242,vzf3gu,kpop,https://www.youtube.com/watch?v=Hbb5GPxXF1w,822,,1657857600.0,[MV]
27,KARA - WHEN I MOVE,2207,z7ojpf,kpop,http://youtu.be/XwcK-twSXB4,181,,1669712423.0,[MV]
28,Red Velvet X aespa - Beautiful Christmas,2198,zlm53r,kpop,http://youtu.be/iTgcp1oDk2M,250,,1671008419.0,[MV]
29,STAYC - BEAUTIFUL MONSTER,2147,w2o1g3,kpop,http://youtu.be/juQvizeZJFM,304,,1658221207.0,[MV]
30,LOONA - Flip That,2139,vgh29u,kpop,https://www.youtube.com/watch?v=SPYX2y4NzTU,244,,1655715618.0,[MV]
31,BTS - Yet To Come (The Most Beautiful Moment),2138,v8yy6w,kpop,https://www.youtube.com/watch?v=kXpOEzNZ8hQ,422,,1654833600.0,[MV]
32,NewJeans - Attention,2121,w4iv4x,kpop,https://youtu.be/js1CtxSY38I,556,,1658415656.0,[MV]
33,TWICE - Celebrate,2071,vyxxvn,kpop,http://youtu.be/fMIn43MiwG8,148,,1657810817.0,[MV]
34,TAEYANG (feat. BTS Jimin) - VIBE,2071,10alq2y,kpop,https://youtu.be/cXCBiF67jLM,476,,1673586000.0,[MV]
35,Stray Kids - CASE 143,1980,xxp1yb,kpop,https://youtu.be/jYSlpC6Ud2A,304,,1665115228.0,[MV]
36,ITZY - Cheshire,1946,z8mkqz,kpop,https://www.youtube.com/watch?v=zugAhfd2r0g,280,,1669798800.0,[MV]
37,EXID - FIRE (불이나),1842,xr2pyu,kpop,https://www.youtube.com/watch?v=WsREawZfufw,235,,1664442000.0,[MV]
38,Stray Kids - MANIAC,1831,tgsoxm,kpop,https://www.youtube.com/watch?v=OvioeS1ZZ7o,294,,1647576007.0,[MV]
39,XG - SHOOTING STAR,1830,10kud4z,kpop,https://www.youtube.com/watch?v=L7spCJxloLY,301,,1674637200.0,[MV]
40,ITZY - Voltage,1821,tk4xv7,kpop,https://www.youtube.com/watch?v=krzf1hkFAZA,205,,1647961252.0,[MV]
41,NMIXX - DICE,1801,xi6kp7,kpop,http://youtu.be/p1bjnyDqI9k,841,,1663578011.0,[MV]
42,j-hope (BTS) - MORE,1761,vorfkt,kpop,https://youtu.be/pKdBFeewZYE,325,,1656648014.0,[MV]
43,Kep1er - Up!,1734,vgh1yh,kpop,http://youtu.be/hr-325mclek,284,,1655715606.0,[MV]
44,LE SSERAFIM - Impurities,1715,yu418j,kpop,https://www.youtube.com/watch?v=Ccz123Jlflc,109,,1668351600.0,[MV]
45,GOT7 - NANANA,1673,uvwqe2,kpop,https://www.youtube.com/watch?v=IZ0oQ6nzKxo,134,,1653300015.0,[MV]
46,ITZY - Boys Like You,1679,y9j64i,kpop,https://www.youtube.com/watch?v=6uZy86ePgO0,421,,1666324800.0,[MV]
47,aespa (에스파) - Illusion (Lyric Video),1660,v285tx,kpop,https://www.youtube.com/watch?v=BpCvYeK5hcE,228,,1654056071.0,[MV]
48,Jin (of BTS) - The Astronaut,1645,yfdc3o,kpop,https://www.youtube.com/watch?v=c6ASQOwKkhk,201,,1666929798.0,[MV]
49,TXT - Sugar Rush Ride,1619,10mcmyh,kpop,https://www.youtube.com/watch?v=P9tKTxbgdkk,316,,1674795600.0,[MV]
50,tripleS Acid Angel from Asia - Generation,1611,yeu7b7,kpop,https://www.youtube.com/watch?v=0cZ7o0Wn_dc,363,,1666882800.0,[MV]
51,MAMAMOO - ILLELLA,1603,y141q8,kpop,https://www.youtube.com/watch?v=Vz508O9NNTg,143,,1665478825.0,[MV]
52,RM (BTS) (with youjeen) - Wild Flower,1569,zac2vz,kpop,https://youtu.be/u18be_kRmC0,169,,1669957210.0,[MV]
53,GOT the beat - Stamp On It,1574,10d9sv9,kpop,https://www.youtube.com/watch?v=likYKQXBLbw,238,,1673859638.0,[MV]
54,TXT (TOMORROW X TOGETHER) - Good Boy Gone Bad,1575,ulmxrn,kpop,https://www.youtube.com/watch?v=Os_6c5j6YiQ,301,,1652086800.0,[MV]
55,Chungha - Sparkling,1561,vwduwn,kpop,https://www.youtube.com/watch?v=lDV5cM9YE4g,125,,1657530000.0,[MV]
56,MAMAMOO Solar - HONEY (꿀),1546,tfd8gg,kpop,https://www.youtube.com/watch?v=UHiSc_M0xQU,163,,1647421200.0,[MV]
57,ITZY - Blah Blah Blah,1503,xjb41z,kpop,https://www.youtube.com/watch?v=F-QTb-0wRGk,166,,1663686014.0,[MV]
58,Billlie - RING ma Bell (what a wonderful world),1498,x28mg9,kpop,https://www.youtube.com/watch?v=z8Eu-HU0sWQ,221,,1661936401.0,[MV]
59,fromis_9 - Stay This Way,1498,vlr2ks,kpop,https://www.youtube.com/watch?v=JC6budcACNE,180,,1656320400.0,[MV]
60,Jay Park (feat. IU) - GANADARA,1471,tbm0gi,kpop,http://youtu.be/gFb1TftvdoM,96,,1646989204.0,[MV]
61,VIVIZ - PULL UP,1465,10ptsa3,kpop,https://www.youtube.com/watch?v=ROGJzLUzIIs,134,,1675155632.0,[MV]
62,(G)I-DLE Miyeon - Drive,1461,ucz5pi,kpop,http://youtu.be/35lirBqwgTs,152,,1651050007.0,[MV]
63,Lee Chaeyeon - HUSH RUSH,1458,y1yrkl,kpop,https://www.youtube.com/watch?v=XprYghl01js,215,,1665565211.0,[MV]
64,Apink - Dilemma,1451,ss66t0,kpop,http://youtu.be/RP4lbSymeZ4,173,,1644829207.0,[MV]
65,SEVENTEEN - HOT,1442,uypjzq,kpop,https://www.youtube.com/watch?v=gRnuFC4Ualw,281,,1653624001.0,[MV]
66,aespa - Life's Too Short (English Ver.),1437,vjfbwc,kpop,http://youtu.be/z2ZjutyxmjA,231,,1656043209.0,[MV]
67,KEY (SHINee) - 가솔린 (Gasoline),1395,x1e325,kpop,https://www.youtube.com/watch?v=UNFk6_to5_0,148,,1661850100.0,[MV]
68,WJSN - Last Sequence,1386,vrti80,kpop,https://www.youtube.com/watch?v=2VmoFZ8nwOo,162,,1657011617.0,[MV]
69,Kwon Eunbi - Glitch,1353,tvxdq3,kpop,http://youtu.be/enSvdtEutuw,110,,1649062808.0,[MV]
70,NewJeans - Hype Boy (Intro),1342,w5cqu2,kpop,https://www.youtube.com/watch?v=SHYWqy_X-tU,363,,1658502014.0,[MV]
71,PURPLE KISS - Nerdy,1327,w7jwhv,kpop,https://www.youtube.com/watch?v=jM_1dLjqtlo,194,,1658739600.0,[MV]
72,Choi Yena - SMARTPHONE,1325,wf1j60,kpop,http://youtu.be/5ncp-_GXBsU,99,,1659517207.0,[MV]
73,j-hope (BTS) - 방화 (Arson),1321,vzf3gr,kpop,https://www.youtube.com/watch?v=QmpTkkaKYSU,184,,1657857600.0,[MV]
74,BLACKPINK x PUBG MOBILE - Ready For Love,1313,wauk02,kpop,https://www.youtube.com/watch?v=7WyHtSlvHD4,429,,1659067212.0,[MV]
75,ATEEZ - Guerrilla,1281,wauka3,kpop,https://youtu.be/2HcVZm_4qAI,271,,1659067221.0,[MV]
76,SUNMI - Heart Burn,1277,vnb8mn,kpop,https://www.youtube.com/watch?v=vJvX9L6FCWI,177,,1656493200.0,[MV]
77,Crush (feat. j-hope of BTS) - Rush Hour,1256,xkw4ee,kpop,https://youtu.be/PS0qkO5qty0,118,,1663837200.0,[MV]
78,BIBI (비비) – Animal Farm (가면무도회),1259,xp5uq8,kpop,https://www.youtube.com/watch?v=w7fpXqQD7pU,131,,1664251263.0,[MV]
79,Kwon Eunbi - Underwater,1249,y1yre4,kpop,http://youtu.be/ny1YiHlX_iE,106,,1665565205.0,[MV]
80,NCT 127 - 질주 (2 Baddies),1241,xers12,kpop,https://www.youtube.com/watch?v=FRilMXZqNhA,448,,1663232415.0,[MV]
81,STAYC - POPPY,1245,ywvp8d,kpop,https://www.youtube.com/watch?v=YkZvwVf7F9k,110,,1668610800.0,[MV]
82,"Red Velvet SEULGI - Bad Boy, Sad Girl (Feat. BE'O) (Special Video)",1233,xys8o4,kpop,https://youtu.be/JonuF1zDNik,31,,1665234064.0,[MV]
83,NewJeans - Hurt,1191,w6xk56,kpop,https://www.youtube.com/watch?v=tVIXY14aJms,228,,1658674811.0,[MV]
84,VIVIZ - LOVEADE,1192,vslg8u,kpop,https://www.youtube.com/watch?v=7oGRnWulYCI,133,,1657098008.0,[MV]
85,Dreamcatcher - REASON,1181,10apuqv,kpop,http://youtu.be/G3fUZUh1LBs,72,,1673600409.0,[MV]
86,Brave Girls - Thank You,1165,tdt2r2,kpop,https://www.youtube.com/watch?v=sdycvSqMhPI,123,,1647248403.0,[MV]
87,Billlie - GingaMingaYo (the strange world),1162,szcvem,kpop,https://www.youtube.com/watch?v=YKKh8d4wZbU,148,,1645606802.0,[MV]
88,JUN (SEVENTEEN) - LIMBO,1142,xlmuei,kpop,https://www.youtube.com/watch?v=k0sKWlEhVRk,89,,1663905607.0,[MV]
89,Cherry Bullet - Love In Space,1124,t4w1w0,kpop,http://youtu.be/sXQ3c2TAbH8,124,,1646211609.0,[MV]
90,PURPLE KISS - memeM (맴맴),1125,tqvj61,kpop,https://www.youtube.com/watch?v=R3BdincaJe4,219,,1648544400.0,[MV]
91,NewJeans - Cookie,1114,wdclrx,kpop,https://www.youtube.com/watch?v=VOmIplFAGeg,740,,1659344400.0,[MV]
92,LE SSERAFIM - FEARLESS (Japanese ver.),1095,10k7dz9,kpop,https://www.youtube.com/watch?v=DiGnWwgLAfE,86,,1674572412.0,[MV]
93,LE SSERAFIM YUNJIN - ‘Raise y_our glass’,1085,wk0lz8,kpop,https://www.youtube.com/watch?v=7hBf9Fxsg6M&t=63s,106,,1660043628.0,[MV]
